[
  {
    "fileName": "actor-arnold.jpg",
    "publicUrl": "",
    "publicId": ""
  },
  {
    "fileName": "actor-bratt.jpg",
    "publicUrl": "",
    "publicId": ""
  },
  {
    "fileName": "actor-daniel.jpg",
    "publicUrl": "",
    "publicId": ""
  },
  {
    "fileName": "actor-denzel.jpg",
    "publicUrl": "",
    "publicId": ""
  },
  {
    "fileName": "actor-jennifer.jpg",
    "publicUrl": "",
    "publicId": ""
  },
  {
    "fileName": "actor-jenniferL.jpg",
    "publicUrl": "",
    "publicId": ""
  },
  {
    "fileName": "actor-morgan.jpg",
    "publicUrl": "",
    "publicId": ""
  },
  {
    "fileName": "actor-natalie.jpg",
    "publicUrl": "",
    "publicId": ""
  },
  {
    "fileName": "actor-robert.jpg",
    "publicUrl": "",
    "publicId": ""
  },
  {
    "fileName": "actor-sandra.jpg",
    "publicUrl": "",
    "publicId": ""
  },
  {
    "fileName": "actor-sylvester.jpg",
    "publicUrl": "",
    "publicId": ""
  },
  {
    "fileName": "actor-tom.jpg",
    "publicUrl": "",
    "publicId": ""
  },
  {
    "fileName": "movie-black.jpg",
    "publicUrl": "",
    "publicId": ""
  },
  {
    "fileName": "movie-bond.jpg",
    "publicUrl": "",
    "publicId": ""
  },
  {
    "fileName": "movie-echos.jpg",
    "publicUrl": "",
    "publicId": ""
  },
  {
    "fileName": "movie-gravity.jpg",
    "publicUrl": "",
    "publicId": ""
  },
  {
    "fileName": "movie-judge.jpg",
    "publicUrl": "",
    "publicId": ""
  },
  {
    "fileName": "movie-love.jpg",
    "publicUrl": "",
    "publicId": ""
  },
  {
    "fileName": "movie-mission.jpg",
    "publicUrl": "",
    "publicId": ""
  },
  {
    "fileName": "movie-mock.jpg",
    "publicUrl": "",
    "publicId": ""
  },
  {
    "fileName": "movie-narrator.jpg",
    "publicUrl": "",
    "publicId": ""
  },
  {
    "fileName": "movie-rambo.jpg",
    "publicUrl": "",
    "publicId": ""
  },
  {
    "fileName": "movie-terminator.jpg",
    "publicUrl": "",
    "publicId": ""
  },
  {
    "fileName": "movie-water.jpg",
    "publicUrl": "",
    "publicId": ""
  }
]